{"cameraMode":{"drawMode":0,"name":"Shaded","section":"Shading Mode"},"sceneLighting":true,"audioPlay":false,"sceneViewState":{"m_AlwaysRefresh":false,"showFog":true,"showSkybox":true,"showFlares":true,"showImageEffects":true,"showParticleSystems":true,"showVisualEffectGraphs":true,"m_FxEnabled":true},"in2DMode":false,"pivot":{"x":1.1150742769241334,"y":2.521378993988037,"z":3.054492950439453},"rotation":{"x":-0.1571221947669983,"y":-0.020147621631622316,"z":0.0032065066043287517,"w":-0.9873649477958679},"size":12.290511131286621,"orthographic":false}